编号,章节,场景,操作步骤,预期结果,优先级,代码位置,测试结果,备注
1.1,合规自检,订阅条款/隐私政策链接,点击购买页《会员服务协议》《隐私政策》《自动续期条款》,应用内 SFSafariViewController 打开对应 URL,P0,MembershipCenterViewController.m:1370,,,自动续期订阅硬性要求；缺会被拒 3.1.2
1.2,合规自检,价格由 SKProduct 提供（防硬编码）,代码检查 buildPlanData 价格源；Sandbox 购买看实际显示,价格必须来自 SKProduct.price，不可在代码里硬编码 ¥33/¥268 等,P0,buildPlanData,,,仅中国上架，不涉跨区；保留是为防未来改坏硬编码（Apple 审核 P0）
1.3,合规自检,恢复购买入口,查看会员中心底部,「恢复购买」按钮与支付按钮同屏可见,P0,MembershipCenterViewController.m:643,,,
1.4,合规自检,沙箱购买不真实扣款,SandboxTester 购买完成,弹「开通成功（测试环境）不会真实扣款」,P0,MembershipCenterViewController.m:2191,,,
1.5,合规自检,无外部支付诱导,扫一遍购买页,无「官网」「支付宝」「微信支付」入口,P0,-,,,
1.6,合规自检,已登录才能购买（V1 决策）,未登录点击购买 → 跳登录页；登录后回到购买流程,未登录无法看到商品价格；登录态下正常购买,P1,MembershipCenterViewController.m,,,
1.7,合规自检,IAP 仅虚拟商品,扫一遍商品,无实体商品混入 IAP,P1,-,,,
1.8,合规自检,商品名包含时长,App Store Connect 检查产品名,如「连续包月」「连续包年」,P0,App Store Connect,,,
1.9,合规自检,续期条款展示,查看订阅按钮附近,显示「¥X/月 自动续期 可随时取消」,P0,-,,,
1.10,合规自检,续期条款链接,查看购买页,可点击的 EULA/隐私政策/自动续期链接,P0,MembershipCenterViewController.m:1370,,,
2.1,沙箱配置,IAP 产品已创建,App Store Connect 查看,4 个产品（月/年/永久/创始人）状态可供出售/准备提交,P0,-,,,
2.2,沙箱配置,本版本勾选 IAP,提交时勾选,「将以下 App 内购买项目加入审核」已勾选,P0,-,,,
2.3,沙箱配置,付费 App 协议已签,AGT 检查,「协议、税务和银行业务」中 Paid Applications Agreement Active,P0,-,,,
2.4,沙箱配置,沙箱测试员账号,Sandbox Tester 创建,中国/美国各一个沙箱测试员,P0,-,,,
3.1.1,正常购买,购买月卡 planId=1,勾协议→切月卡→支付,弹 Apple 支付面板→verifyPurchase→「开通成功」,P0,MembershipCenterViewController.m:2030,,,
3.1.2,正常购买,购买年卡 planId=2,同上,planId 路由正确,P0,MembershipCenterViewController.m:2030,,,
3.1.3,正常购买,购买永久 planId=3,同上,planId 路由正确,P0,MembershipCenterViewController.m:2030,,,
3.1.4,正常购买,购买创始人 planId=4,同上,planId 路由正确,P0,MembershipCenterViewController.m:2030,,,
3.1.5,正常购买,已是会员再次购买,已激活会员→再点支付,提示「您已是会员」（建议补）,P2,-,,,当前无拦截
3.2.1,商品信息,首次拉取产品,未缓存时点击购买,fetchProductAndPay→HUD→SKProductsRequest→缓存→发起支付,P1,MembershipCenterViewController.m:1856,,,
3.2.2,商品信息,重复拉取,同商品再次购买,命中 skProducts 缓存直接支付,P1,MembershipCenterViewController.m:1847,,,
3.2.3,商品信息,invalid 产品 ID,后台配错 productID,response.products.count==0 提示「未找到对应商品」,P1,MembershipCenterViewController.m:1897,,,
4.1,支付失败,用户取消,Apple 面板→Cancel,SKErrorPaymentCancelled→「支付已取消，可重试」→payInFlight 复位,P0,MembershipCenterViewController.m:1990,,,
4.2,支付失败,失败（任意错误）,沙箱账号配额满/卡片无效,显示 transaction.error.localizedDescription,P0,MembershipCenterViewController.m:1992,,,
4.3,支付失败,Deferred 家长审批,SandboxTester 开 Ask to Buy,SKPaymentTransactionStateDeferred→「购买待审批」,P1,MembershipCenterViewController.m:2008,,,
4.4,支付失败,设备禁用 IAP,屏幕使用时间→关闭 IAP,canMakePayments 返回 NO→提示检查家长控制,P0,MembershipCenterViewController.m:1885,,,
4.5,支付失败,拉商品失败,网络异常/Apple 服务波动,request:didFailWithError:→显示错误→payInFlight 复位,P1,MembershipCenterViewController.m:1955,,,
4.6,支付失败,服务端验证失败,后端宕机/返回错误,不 finish 事务→弹「验证失败 联系客服」,P0,MembershipCenterViewController.m:2075,,,
4.7,支付失败,重复点击支付,购买 HUD 中再次点支付,payInFlight 拦截 return,P1,MembershipCenterViewController.m:1822,,,
4.8,支付失败,购买中侧滑返回,支付进行中从边缘滑动,侧滑手势已禁用 无法中断支付,P1,MembershipCenterViewController.m:1812,,,
4.9,支付失败,购买中 pop 返回,支付进行中点导航返回,isMovingFromParent 检测 提示,P2,MembershipCenterViewController.m:2050,,,
5.1,恢复购买,有购买历史,已购账号登录→点恢复,逐笔 verifyPurchase→「恢复成功」→刷新会员状态,P0,MembershipCenterViewController.m:2100,,,
5.2,恢复购买,无购买历史,全新沙箱账号→点恢复,restoreTotalCount==0→「暂无可恢复的购买记录」,P0,MembershipCenterViewController.m:2056,,,
5.3,恢复购买,恢复失败（网络）,关网络后点恢复,restoreCompletedTransactionsFailedWithError→显示错误,P1,MembershipCenterViewController.m:2069,,,
5.4,恢复购买,多笔事务恢复,切换方案多次购买后恢复,finishOneRestore 逐笔收尾 HUD 不闪烁,P1,MembershipCenterViewController.m:2218,,,
5.5,恢复购买,恢复中重复点击,HUD 显示中再次点恢复,restoreInFlight 拦截,P1,MembershipCenterViewController.m:2037,,,
5.6,恢复购买,换设备恢复,新设备用旧 Apple ID 登录后恢复,Apple 同步历史订阅 正常恢复,P2,-,,,
5.7,恢复购买,服务端未识别该事务,历史事务不属于本用户,failure 分支也 finish 避免堆积,P1,MembershipCenterViewController.m:2209,,,
6.1,掉单恢复,支付成功瞬间断网,Apple 成功回调时切飞行模式,verifyPurchase 失败→不 finish 事务保留,P0,MembershipCenterViewController.m:2076,,,
6.2,掉单恢复,杀进程后重启,上条场景→强杀→重启,PNIAPObserver.start→resumePendingTransactions→上报成功,P0,PNIAPObserver.m:52,,,
6.3,掉单恢复,进入会员中心兜底,残留事务存在→进入会员中心,viewWillAppear 调 resumePendingTransactions 由 VC 处理,P0,MembershipCenterViewController.m:186,,,
6.4,掉单恢复,未登录残留,退出登录后队列里有事务,handleTransactions 未登录分支本地 finish 清空,P1,PNIAPObserver.m:83,,,
6.5,掉单恢复,VC 激活时不重复处理,会员中心在前台来一笔事务,isMembershipCenterActive==YES→observer continue 由 VC 处理,P0,PNIAPObserver.m:79,,,
6.6,掉单恢复,兜底上报失败重试,兜底场景服务端失败,uploadTransaction failure→保留事务→下次启动再试,P1,PNIAPObserver.m:113,,,
6.7,掉单恢复,收据为空 首次安装,全新设备未购买过,currentReceiptBase64 返回空 触发 SKReceiptRefreshRequest,P1,MembershipCenterViewController.m:2246,,,
7.1,兑换码,免费 GIFT_CODE,兑换弹窗输入有效免费码,needPayment==NO→直接激活会员→弹「激活成功」+到期时间,P0,MembershipCenterViewController.m:1718,,,
7.2,兑换码,付费 EXCHANGE_CODE,输入折扣码→确认,needPayment==YES→应用折扣→切订阅 tab→支付时带 redeemCode,P0,MembershipCenterViewController.m:1747,,,
7.3,兑换码,付费邀请码 INVITE_CODE,输入付费邀请码,codeType==INVITE_CODE→文案变化→走 IAP,P1,MembershipCenterViewController.m:1755,,,
7.4,兑换码,免费邀请码,输入免费邀请码,直接激活 文案同 7.1,P1,MembershipCenterViewController.m:1718,,,
7.5,兑换码,码格式错误,输入 < 5 位或非 12 位,isRedeemCodeReadyToSubmit 拦截→「兑换码格式不正确」,P1,MembershipCenterViewController.m:1613,,,
7.6,兑换码,码为空,不输入直接确认,提示「请输入兑换码」,P1,MembershipCenterViewController.m:1696,,,
7.7,兑换码,码失效/已使用,输入无效码,failure 回调→helpLabel 显示错误+「点击寻求帮助」,P1,MembershipCenterViewController.m:1763,,,
7.8,兑换码,付费码误入礼包 tab,礼包输入框输付费码,onRedeemGiftCode 识别 needPayment→切订阅模式并应用优惠,P1,MembershipCenterViewController.m:1896,,,
7.9,兑换码,服务端无 appleProductId,异常配置,提示「兑换码配置异常 联系客服」,P2,MembershipCenterViewController.m:1743,,,
7.10,兑换码,礼包码长度限制,输入超过 5 位,onGiftCodeChanged 截断到 5 位,P2,MembershipCenterViewController.m:1867,,,
8.1,UI/UX,协议未勾选点支付,不勾协议点支付,弹「请先勾选《会员服务协议》」,P1,MembershipCenterViewController.m:1831,,,
8.2,UI/UX,支付按钮可用性,未勾协议时看按钮,按钮半透明但可点 用于弹提示,P2,MembershipCenterViewController.m:1814,,,
8.3,UI/UX,支付中防连点,购买 HUD 中再次点支付,payInFlight 拦截,P1,MembershipCenterViewController.m:1822,,,
8.4,UI/UX,沙箱成功提示,沙箱购买完成,「测试环境购买 不会真实扣款」对审核员友好,P0,MembershipCenterViewController.m:2069,,,
8.5,UI/UX,价格与时长展示,看订阅按钮附近,显示时长+价格+周期+「自动续期可取消」,P0,-,,,需确认 UI
8.6,UI/UX,加载中 HUD,所有网络请求,均有 loading MBProgressHUD,P1,-,,,
8.7,UI/UX,错误反馈,所有失败路径,有明确文案 不可静默,P1,-,,,
8.8,UI/UX,切换方案不抖动,来回切方案,reloadPlanCardsPreservingIndex 保持 index,P2,MembershipCenterViewController.m:1477,,,
9.1,多语言,简体中文,设备语言中文,所有文案为简体中文,P1,V1 范围外：本版本不切语言，文案默认简体中文,,,
9.2,多语言,繁体中文,设备语言繁体,zh-Hans.lproj/zh-Hant.lproj 文案跟随,P1,V1 范围外：本版本不切语言，文案默认简体中文,,,
9.3,多语言,英文,设备语言英文,en.lproj 文案跟随,P1,V1 范围外：本版本不切语言，文案默认简体中文,,,
9.4,多语言,美国 App Store 账号,沙箱账号地区=美国,价格显示 $ 而非 ¥（依赖 SKProduct.price）,P1,V1 范围外：本版本不切语言，文案默认简体中文,,,
9.5,多语言,货币格式,不同地区购买,数字格式货币符号符合 locale,P1,V1 范围外：本版本不切语言，文案默认简体中文,,,
10.1,崩溃边界,网络全断进入会员中心,飞行模式进页面,不崩 展示本地默认数据 可重试,P0,-,,,
10.2,崩溃边界,启动时队列有遗留事务,上次未 finish 事务+冷启动,PNIAPObserver.start 安全注册 无重复注册,P0,PNIAPObserver.m:34,,,
10.3,崩溃边界,快速进退会员中心,连续 push/pop,dealloc 正确 removeTransactionObserver 无泄漏,P0,MembershipCenterViewController.m:185,,,
10.4,崩溃边界,购买中 App 进后台,支付中按 Home,回前台后继续完成事务处理,P1,-,,,
10.5,崩溃边界,购买中收到电话,支付中来电,挂断后状态恢复,P1,-,,,
10.6,崩溃边界,服务端返回格式异常,后端返回非 JSON/字段缺失,yy_modelWithJSON 不崩 有降级,P1,-,,,
10.7,崩溃边界,receipt base64 为空,首次安装 appStoreReceiptURL=nil,currentReceiptBase64 返回空 不崩 触发刷新,P0,MembershipCenterViewController.m:2246,,,
10.8,崩溃边界,内存警告,模拟内存警告,不崩 支付中数据不丢失,P2,-,,,
11.1,提交 Checklist,App Store Connect 配置,提交前检查,4 个 IAP 产品已创建+本版本已勾选+付费协议已签+订阅商品本地化已配置,P0,-,,,
11.2,提交 Checklist,合规,提交前检查,订阅条款链接+隐私政策链接+自动续期说明+SKProduct 价格+无外部支付,P0,-,,,
11.3,提交 Checklist,沙箱测试员,提交前检查,至少 2 个 SandboxTester（中国+美国）+已走完完整购买流程+后台交易可见,P0,-,,,
11.4,提交 Checklist,功能验证,提交前检查,场景 3.1/4.1-4.4/5.1-5.2/6.1-6.2/7.1-7.9/9.1-9.3 全部通过,P0,-,,,
11.5,提交 Checklist,代码清理,提交前检查,删除/脱敏敏感日志（receipt base64、token、transactionId）+ 移除调试代码,P0,-,,,
11.6,提交 Checklist,TestFlight 验证,上传 TestFlight,用 TestFlight+SandboxTester 走完整购买+一次掉单恢复,P0,-,,,
